<?xml version="1.0" encoding="utf-8"?>
<modification>
  <name>PrettyOrderList</name>
  <code>pretty_order_list</code>
  <version>1.0</version>
  <author>Brizhanev Oleg</author>
  <link>http://strongdev.net</link>
  <file path="admin/view/template/sale/order_list.tpl">
    <operation>
      <search><![CDATA[$('#button-filter').on('click', function() {]]></search>
      <add position="before"><![CDATA[
       $(".order_status").on('change', function() {
        url = 'index.php?route=sale/order/changestatus&token=<?php echo $token; ?>';
        var order_id = $(this).parent().parent().find('.order_id').text();
        var status_id  = $(this).val();
        $.ajax({
          type: "POST",
          url: url,
          data: {order_id: order_id, status_id: status_id},
          dataType: "json",
          success: function(data) {
          }
        });
       })]]>
      </add>
    </operation>
    <operation>
      <search><![CDATA[<td class="text-right"><?php echo $order['order_id']; ?></td>]]></search>
        <add position="replace"><![CDATA[<td class="text-right order_id"><?php echo $order['order_id']; ?></td>	]]></add>
      </operation>
    <operation>
      <search><![CDATA[<td class="text-left"><?php echo $order['status']; ?></td>]]></search>
        <add position="replace"><![CDATA[
           <td class="text-left">
            <select class="order_status">
              <?php foreach($order_statuses as $order_status) { ?>
              <option value="<?php echo $order_status['order_status_id']; ?>" <?php if ($order_status['name'] == $order['status']) { echo 'selected'; } ?> >
                <?php echo $order_status['name']; ?>
              </option>
              <?php } ?>
            </select>
          </td>]]>
        </add>
    </operation>
  </file>
  <file path="admin/controller/sale/order.php">
    <operation>
      <search><![CDATA[$this->response->setOutput($this->load->view('sale/order_shipping.tpl', $data));]]></search>
        <add position="after" offset="1"><![CDATA[
         public function changestatus() {
          $order_id = $this->request->post['order_id'];
          $status_id = $this->request->post['status_id'];
          $this->load->model("sale/order");
          $this->model_sale_order->setOrderStatus($order_id, $status_id);
          echo json_encode(array(
            'code' => "OK"
          ));
         }]]>
        </add>
    </operation>
  </file>
  <file path="admin/model/sale/order.php">
    <operation>
      <search><![CDATA[public function getTotalEmailsByProductsOrdered($products) {]]></search>
        <add position="after" offset="10"><![CDATA[
         public function setOrderStatus($order_id, $status_id) {
          $sql = "UPDATE " . DB_PREFIX . "order SET order_status_id='" . (int)$status_id . "' WHERE order_id='" . (int)$order_id . "'";
          $this->db->query($sql);
          $sql = "INSERT INTO " . DB_PREFIX . "order_history (order_id, order_status_id) VALUES ('" . (int)$order_id . "', '" . (int)$status_id . "')";
          $this->db->query($sql);
         } ]]>
         </add>
    </operation>
  </file>
  <file path="admin/view/template/sale/order_list.tpl">
    <operation>
      <search index="1"><![CDATA[<tr>]]></search>
      <add position="replace">
        <![CDATA[<tr style="background-color: <?php echo $order['color']; ?>">]]>
      </add>
    </operation>
  </file>
  <file path="admin/controller/sale/order.php">
    <operation>
      <search><![CDATA['status'        => $result['status'],]]></search>
      <add position="after">
        <![CDATA['color'        => $result['color'],]]>
      </add>
    </operation>
  </file>
  <file path="admin/model/sale/order.php">
    <operation>
      <search><![CDATA[$sql = "SELECT o.order_id, CONCAT(o.firstname, ' ', o.lastname) AS customer, (SELECT os.name FROM " . DB_PREFIX . "order_status os WHERE os.order_status_id = o.order_status_id AND os.language_id = '" . (int)$this->config->get('config_language_id') . "') AS status, o.shipping_code, o.total, o.currency_code, o.currency_value, o.date_added, o.date_modified FROM `" . DB_PREFIX . "order` o";]]></search>
      <add position="replace">
        <![CDATA[$sql = "SELECT o.order_id, CONCAT(o.firstname, ' ', o.lastname) AS customer, (SELECT os.name FROM " . DB_PREFIX . "order_status os WHERE os.order_status_id = o.order_status_id AND os.language_id = '" . (int)$this->config->get('config_language_id') . "') AS status,(SELECT os.color FROM " . DB_PREFIX . "order_status os WHERE os.order_status_id = o.order_status_id AND os.language_id = '" . (int)$this->config->get('config_language_id') . "') AS color, o.shipping_code, o.total, o.currency_code, o.currency_value, o.date_added, o.date_modified FROM `" . DB_PREFIX . "order` o";]]>
      </add>
    </operation>
  </file>
  <file path="admin/view/template/localisation/order_status_form.tpl">
    <operation>
      <search><![CDATA[<div class="text-danger"><?php echo $error_name[$language['language_id']]; ?></div>]]></search>
      <add position="after" offset="4">
        <![CDATA[
          <div class="form-group">
            <label class="col-sm-2 control-label"><?php echo $entry_color; ?></label>
            <div class="col-sm-10">
                <input type="text" maxlength="7" name="order_status_color" value="<?php echo $order_status_color; ?>" placeholder="<?php echo $entry_color; ?>" class="form-control" />
            </div>
          </div>
        ]]>
      </add>
    </operation>
  </file>
  <file path="admin/controller/localisation/order_status.php">
    <operation>
      <search><![CDATA[$data['entry_name'] = $this->language->get('entry_name');]]></search>
      <add position="after">
        <![CDATA[
          $data['entry_color'] = $this->language->get('entry_color');
        ]]>
      </add>
    </operation>
    <operation>
      <search index="1"><![CDATA[$data['header'] = $this->load->controller('common/header');]]></search>
      <add position="before">
        <![CDATA[
          $data['order_status_color'] = $data['order_status']['color'];
        ]]>
      </add>
    </operation>
  </file>
  <file path="admin/language/english/localisation/order_status.php">
    <operation>
      <search><![CDATA[$_['entry_name']       = 'Order Status Name';]]></search>
      <add position="after">
        <![CDATA[
          $_['entry_color']       = 'Order Status Color';
        ]]>
      </add>
    </operation>
  </file>
  <file path="admin/language/russian/localisation/order_status.php">
    <operation>
      <search><![CDATA[$_['entry_name']       = 'Cтатус заказа:';]]></search>
      <add position="after">
        <![CDATA[
          $_['entry_color']       = 'Цвет статуса заказа:';
        ]]>
      </add>
    </operation>
  </file>
  <file path="admin/model/localisation/order_status.php">
    <operation>
      <search><![CDATA[$this->db->query("INSERT INTO " . DB_PREFIX . "order_status SET order_status_id = '" . (int)$order_status_id . "', language_id = '" . (int)$language_id . "', name = '" . $this->db->escape($value['name']) . "'");]]></search>
      <add position="replace">
        <![CDATA[
          $this->db->query("INSERT INTO " . DB_PREFIX . "order_status SET order_status_id = '" . (int)$order_status_id . "', language_id = '" . (int)$language_id . "', name = '" . $this->db->escape($value['name']) . "', color = '" . $data['order_status_color'] . "'");
        ]]>
      </add>
    </operation>
    <operation>
      <search><![CDATA[$order_status_data[$result['language_id']] = array('name' => $result['name']);]]></search>
      <add position="after">
        <![CDATA[
          if (!empty($result['color'])) {
            $order_status_data['color'] = $result['color'];
          }
        ]]>
      </add>
    </operation>
  </file>
</modification>